id,depth,cited_opinion_id,citing_opinion_id
312649173,3,6499395,11297137
312650134,1,9467531,11297227
312648964,3,9948963,11297102
312648965,6,4698651,11297102
312648966,6,5133906,11297102
312649706,1,6352829,11297179
312649707,1,11067619,11297179
312650015,1,4713128,11297221
312650016,1,2626321,11297221
312650017,2,1174733,11297221
312650018,2,9789941,11297221
312650019,2,10564665,11297221
312650020,2,1125303,11297221
312650021,1,4741446,11297221
312650022,1,2602262,11297221
312650023,1,4751686,11297221
312650024,1,2600358,11297221
312650025,2,4759650,11297221
312650026,2,4758085,11297221
312650027,3,4758813,11297221
312650072,1,9882151,11297225
312649230,1,6463191,11297140
312649231,2,2083224,11297140
312649232,2,10738570,11297140
312649233,1,10738555,11297140
312649234,2,6452046,11297140
312649235,2,6463735,11297140
312649236,1,6415717,11297140
312649237,2,6454858,11297140
312649238,1,2831592,11297140
312649239,1,6453177,11297140
312648907,6,4420531,11297084
312648908,1,722373,11297084
312648909,8,4554012,11297084
312648910,1,9870408,11297084
312648911,5,728729,11297084
312650721,1,1059977,11297292
312650722,3,9434951,11297292
312650723,1,9835063,11297292
312650724,1,4244591,11297292
312650725,1,9423198,11297292
312650726,1,9433357,11297292
312650727,4,8726590,11297292
312650728,1,9433887,11297292
312650729,1,1058669,11297292
312650730,1,1058122,11297292
312650731,1,1067872,11297292
312650732,1,9807288,11297292
312649272,1,7324091,11297146
312649273,1,7323642,11297146
312649274,1,2732787,11297146
312649275,2,2381317,11297146
312649276,2,2300685,11297146
312649021,2,11147717,11297107
312649022,1,10569795,11297107
312649987,1,4711797,11297218
312649988,2,4149707,11297218
312649989,3,10763725,11297218
312649990,2,4441901,11297218
312649991,2,11264579,11297218
312649992,2,4761868,11297218
312649993,2,4715139,11297218
312649994,1,4712501,11297218
312649995,1,2513899,11297218
312649996,2,4715467,11297218
312649997,4,4713159,11297218
312649998,1,4714218,11297218
312649999,1,2598879,11297218
312650000,1,11265032,11297218
312649131,1,2487592,11297120
312649132,1,9442153,11297120
312649133,1,9430599,11297120
312649134,1,9809466,11297120
312649135,1,2801044,11297120
312649626,2,10578357,11297175
312649627,3,8204454,11297175
312649628,7,9800559,11297175
312649629,3,4669077,11297175
312649630,3,9695354,11297175
312649631,3,9849885,11297175
312649632,1,9478218,11297175
312649633,5,9686712,11297175
312649634,1,9481550,11297175
312649635,3,8203862,11297175
312649636,3,9658189,11297175
312649637,2,2219588,11297175
312649638,4,8203380,11297175
312649639,5,9655961,11297175
312649640,2,2162080,11297175
312649641,3,8185139,11297175
312649642,4,9675756,11297175
312649643,2,1279176,11297175
312649644,2,8201146,11297175
312649645,2,1237507,11297175
312649646,4,8203850,11297175
312649336,1,7324017,11297148
312649337,13,7325325,11297148
312649338,1,9703043,11297148
312649339,7,1947518,11297148
312649340,2,1931581,11297148
312649341,1,1478877,11297148
312649342,1,2817215,11297148
312650028,2,9754738,11297223
312650029,2,9789423,11297223
312650030,1,4361174,11297223
312650031,2,1282062,11297223
312650032,2,1227594,11297223
312650033,1,4759638,11297223
312650034,1,2330857,11297223
312650035,1,4752618,11297223
312650036,1,2517277,11297223
312650037,2,1185792,11297223
312650038,3,1290397,11297223
312650436,1,868381,11297249
312650437,6,9440899,11297249
312650438,3,9429529,11297249
312650089,3,5139248,11297228
312650090,1,9430624,11297228
312650091,1,9425745,11297228
312650092,1,9426610,11297228
312650093,1,9429592,11297228
312650094,1,4668917,11297228
312650095,1,9434636,11297228
312650096,1,9435287,11297228
312650097,1,8411852,11297228
312650098,4,9877615,11297228
312648974,1,10638380,11297103
312648975,1,4276531,11297103
312648976,6,6113544,11297103
312648977,1,4188260,11297103
312649117,2,712999,11297118
312649118,1,2433562,11297118
312649119,1,184598,11297118
312649120,1,9435053,11297118
312649121,1,7245627,11297118
312649122,1,2807857,11297118
312649123,1,106497,11297118
312649124,2,9843120,11297118
312649125,2,814479,11297118
312649126,1,186714,11297118
312650120,2,2762943,11297232
312650121,1,2167424,11297232
312649647,4,9823588,11297171
312649648,2,9429592,11297171
312649649,2,1240384,11297171
312649650,3,1867276,11297171
312649651,3,8204518,11297171
312649652,4,9886338,11297171
312649653,2,1250971,11297171
312649654,2,2063643,11297171
312649695,4,9375958,11297177
312649696,4,9886675,11297177
312649697,3,8250475,11297177
312648912,3,7844347,11297084
312648913,3,2731684,11297084
312648914,1,4030329,11297084
312648915,2,7252905,11297084
312648916,1,2659796,11297084
312648917,1,4650091,11297084
312648918,1,2470205,11297084
312648919,2,2182607,11297084
312648920,1,2420624,11297084
312648989,2,11150741,11297105
312648990,5,4703367,11297105
312648991,2,11152434,11297105
312648992,1,3206343,11297105
312648993,1,4274673,11297105
312648994,2,6769557,11297105
312648995,1,6760846,11297105
312648921,3,11146512,11297094
312648922,2,9626112,11297094
312648923,2,5644562,11297094
312648924,1,4247453,11297095
312648925,2,1342376,11297095
312648926,2,5647463,11297095
312649172,2,1312861,11297136
312650450,2,851,11297259
312650451,1,760930,11297259
312650452,4,211771,11297259
312650453,1,560003,11297259
312650454,1,3191691,11297259
312650455,2,628695,11297259
312650456,1,856099,11297259
312650457,1,8412839,11297259
312650458,1,607196,11297259
312648927,11,4202024,11297097
312648928,3,4704131,11297097
312648954,4,11080860,11297100
312648955,1,10795716,11297100
312648956,4,9948964,11297100
312648957,2,10850751,11297100
312648958,3,11133420,11297100
312648959,2,1662786,11297100
312648960,2,3211935,11297100
312648961,2,11202990,11297100
312648962,2,9399196,11297100
312648963,2,4951749,11297100
312648982,1,11102929,11297104
312648983,2,9338788,11297104
312648984,6,10465952,11297104
312648985,3,4684869,11297104
312648986,4,5120327,11297104
312648987,4,9409452,11297104
312648988,2,3216802,11297104
312648967,11,6346636,11297102
312648968,1,4657759,11297102
312648969,1,9449247,11297102
312648970,4,5118647,11297102
312648971,1,11176966,11297102
312648972,2,1909175,11297102
312648973,2,1948253,11297102
312649522,2,9433019,11297159
312649523,3,8204655,11297159
312649524,4,9877207,11297159
312649525,3,8204176,11297159
312649526,2,1663496,11297159
312649527,2,1306480,11297159
312649528,4,9581948,11297159
312649529,3,9423552,11297159
312649530,1,11240904,11297159
312649531,3,1253235,11297159
312649532,2,2053270,11297159
312649533,1,4703514,11297159
312649534,2,9671100,11297159
312649535,5,9739912,11297159
312649536,3,2074603,11297159
312649537,1,1724725,11297159
312649538,3,1312623,11297159
312649539,11,2124221,11297159
312648978,3,9841419,11297103
312648979,1,10465952,11297103
312648980,1,4501262,11297103
312648981,2,2013815,11297103
312649005,4,10564944,11297106
312649006,1,5119255,11297106
312649007,1,6753868,11297106
312649008,1,11150377,11297106
312649009,1,11147696,11297106
312649010,1,9820326,11297106
312649011,1,11150526,11297106
312649012,3,11018189,11297106
312649013,1,3780767,11297106
312649014,1,11147691,11297106
312649015,1,9891331,11297106
312649016,1,9882360,11297106
312649017,1,9801129,11297106
312649018,4,4315973,11297106
312649019,1,3780992,11297106
312649020,1,9801236,11297106
312649137,1,214960,11297121
312649138,1,187397,11297121
312648996,1,6753697,11297105
312648997,1,2691308,11297105
312648998,1,6329042,11297105
312648999,1,3682696,11297105
312649000,1,11152238,11297105
312649001,1,6771010,11297105
312649002,1,11080344,11297105
312649003,1,6762743,11297105
312649004,1,2690902,11297105
312649052,2,9879572,11297113
312649053,2,379539,11297113
312649054,1,4736677,11297113
312649055,1,78259,11297113
312649056,2,396175,11297113
312649057,1,770341,11297113
312649058,1,2816283,11297113
312649059,1,91710,11297113
312649060,1,8976449,11297113
312649061,1,9427408,11297113
312649062,1,6353492,11297113
312649063,1,4642272,11297113
312650611,1,9878376,11297289
312650612,1,2769408,11297289
312650613,1,1061627,11297289
312650614,1,1062990,11297289
312650615,1,1059832,11297289
312650616,1,1395540,11297289
312650617,1,1058593,11297289
312650618,2,1062310,11297289
312650619,1,9795100,11297289
312650620,1,1059448,11297289
312650621,1,1059483,11297289
312650622,1,1059215,11297289
312650673,1,9424363,11297293
312650674,1,4358760,11297293
312650675,1,4093256,11297293
312650676,1,1297379,11297293
312650677,2,1067261,11297293
312650678,1,6205942,11297293
312650679,2,6806843,11297293
312650680,2,4409094,11297293
312650681,8,1057967,11297293
312650682,5,9524637,11297293
312650683,1,526756,11297293
312650684,8,2791751,11297293
312650685,1,1272164,11297293
312650686,1,1065052,11297293
312650687,1,6810363,11297293
312650688,2,1063886,11297293
312650689,2,1064521,11297293
312650690,1,4265373,11297293
312650691,1,1058058,11297293
312650692,1,1059060,11297294
312650693,1,4392018,11297294
312650694,1,1294268,11297294
312650695,1,4112083,11297294
312650696,4,9883214,11297294
312650697,1,1256751,11297294
312650698,7,9540155,11297294
312650699,4,1067549,11297294
312650700,1,6814755,11297294
312650701,8,9576098,11297294
312650702,1,4232947,11297294
312650703,2,6817149,11297294
312650704,1,1058119,11297294
312650705,1,4303468,11297294
312650706,2,1067627,11297294
312650707,3,1265745,11297294
312650708,1,2769408,11297294
312650709,3,9883497,11297294
312650710,1,1290894,11297294
312650711,2,9876355,11297294
312650712,1,1058452,11297294
312650713,1,9589096,11297294
312650714,1,1236972,11297294
312650715,3,1059554,11297294
312650716,1,9580997,11297294
312650717,1,1400773,11297294
312650718,1,1247980,11297294
312650719,1,1340534,11297294
312649023,1,4681170,11297107
312649024,1,11147685,11297107
312649025,1,11147174,11297107
312649026,1,4551447,11297107
312649027,1,4665919,11297107
312649028,1,6495691,11297107
312649029,2,4108873,11297107
312649030,2,9802171,11297107
312649031,1,11148775,11297107
312649032,1,11147276,11297107
312649033,2,6114274,11297107
312649034,1,4665918,11297107
312649035,1,11147662,11297107
312649036,1,9801362,11297107
312649037,2,11147140,11297107
312649038,1,9879544,11297107
312649039,1,4548074,11297107
312649040,1,7089206,11297107
312649041,1,9870910,11297107
312649042,1,9391790,11297107
312649043,1,11147229,11297107
312649085,1,6323378,11297114
312649086,1,9418994,11297114
312649087,1,9498186,11297114
312649088,1,9506386,11297114
312649089,1,1042144,11297114
312649090,5,4275521,11297114
312649091,1,4342332,11297114
312649092,1,4415234,11297114
312649093,1,4166841,11297114
312649959,2,11296710,11297213
312649984,2,4749576,11297219
312649985,2,6943120,11297219
312649986,2,9539166,11297219
312649044,1,146733,11297110
312649963,2,4967827,11297215
312649964,2,4967556,11297215
312649051,1,4035677,11297111
312649094,2,9803164,11297116
312649095,1,215717,11297116
312649096,1,9418994,11297116
312649097,6,107194,11297116
312649136,1,9435077,11297120
312649251,1,6463191,11297143
312649252,2,2090843,11297143
312649253,2,4150354,11297143
312649296,1,2160002,11297144
312649297,1,6356050,11297144
312649298,1,2558869,11297144
312649299,1,4156683,11297144
312649300,1,2368067,11297144
312649301,1,7303736,11297144
312649139,1,2778134,11297121
312649140,1,1039433,11297121
312649141,1,7863304,11297121
312649142,1,393156,11297121
312649143,1,9488339,11297121
312649144,2,186713,11297121
312649145,1,1466893,11297121
312649146,1,720526,11297121
312649147,1,9489646,11297121
312649148,1,9427264,11297121
312649149,1,9465296,11297121
312649150,1,7840590,11297121
312649151,1,868524,11297121
312649152,1,381797,11297121
312649153,1,7863003,11297121
312649154,1,184071,11297121
312649155,1,186834,11297121
312649156,1,187372,11297121
312649157,1,2662142,11297121
312649158,1,2430465,11297121
312649159,3,118462,11297121
312649160,1,532508,11297121
312649161,1,389460,11297121
312649162,1,9464311,11297121
312649163,1,187269,11297121
312649164,1,592176,11297121
312649165,1,556585,11297121
312649166,1,4123781,11297121
312649167,1,491446,11297121
312649168,3,375896,11297121
312649169,1,629099,11297121
312649170,2,187123,11297121
312649171,4,2659078,11297121
312649509,2,9422583,11297162
312649512,3,105912,11297162
312649514,2,2119192,11297162
312649515,6,8204040,11297162
312649517,2,9433839,11297162
312649518,1,10805611,11297162
312649519,1,9429592,11297162
312649591,3,9852833,11297164
312649186,1,9419809,11297137
312649187,1,9497515,11297137
312649188,1,820629,11297137
312649189,1,811219,11297137
312649190,4,8414248,11297137
312649191,1,560354,11297137
312649192,3,9781029,11297137
312649193,1,9504982,11297137
312649194,2,2784484,11297137
312649195,2,794887,11297137
312649196,1,4290010,11297137
312649197,3,9715278,11297137
312649198,1,2726070,11297137
312649254,1,6463191,11297142
312649255,1,3174137,11297142
312649256,1,2099235,11297142
312649257,1,7087926,11297142
312649258,2,6453757,11297142
312649259,1,9721253,11297142
312649260,2,4018563,11297142
312649261,1,6460541,11297142
312649262,2,4247167,11297142
312649263,1,2218832,11297142
312649199,1,9485554,11297138
312649200,1,2047033,11297138
312649201,1,4024285,11297138
312649202,1,6452998,11297138
312649203,1,6454641,11297138
312649204,4,4263677,11297138
312649205,3,9429592,11297138
312649206,2,2088278,11297138
312649207,1,2238311,11297138
312649208,2,2090498,11297138
312649209,2,2099145,11297138
312649210,1,2810839,11297138
312649211,1,2240075,11297138
312649212,3,4307528,11297138
312649213,1,6454598,11297138
312649214,1,2819685,11297138
312649215,1,4394418,11297138
312649216,1,2757953,11297138
312649217,1,2234838,11297138
312649218,2,6452979,11297138
312649219,1,6454937,11297138
312649220,1,9806520,11297138
312649221,1,2066298,11297138
312649445,1,9719685,11297151
312649446,1,9719737,11297151
312649447,1,9648081,11297151
312649448,1,4964612,11297151
312649449,2,4969499,11297151
312649450,2,9737237,11297151
312649222,1,6463191,11297139
312649223,1,10738481,11297139
312649224,1,6452607,11297139
312649225,2,6464588,11297139
312649226,1,7088575,11297139
312649227,1,10738597,11297139
312649228,1,2900110,11297139
312649229,1,6451588,11297139
312649240,1,6463191,11297141
312649241,3,2761804,11297141
312649242,1,2720162,11297141
312649243,1,2046751,11297141
312649244,1,2761805,11297141
312649245,2,6451737,11297141
312649246,3,6450782,11297141
312649247,1,6453453,11297141
312649248,1,6451029,11297141
312649249,1,4115341,11297141
312649250,1,2020860,11297141
312649264,1,4318084,11297142
312649265,2,6451425,11297142
312649266,2,2218633,11297142
312649267,1,7085090,11297142
312649268,1,4098249,11297142
312649269,1,2827404,11297142
312649270,2,6450571,11297142
312649271,1,6452731,11297142
312649343,1,3176687,11297149
312649344,4,2381317,11297149
312649345,1,4027437,11297149
312649346,1,9877296,11297149
312649347,1,2651667,11297149
312649348,1,7324059,11297149
312649349,1,1987805,11297149
312649289,1,9727581,11297145
312649290,1,9755097,11297145
312649291,1,1543268,11297145
312649292,1,1435393,11297145
312649293,1,7322442,11297145
312649294,1,7321911,11297145
312649295,1,1930153,11297145
312649708,2,792702,11297178
312649709,4,8410746,11297178
312649302,1,7323703,11297144
312649303,1,2539781,11297144
312649304,2,4107077,11297144
312649305,2,9711357,11297144
312649306,1,9698737,11297144
312649307,4,2110197,11297144
312649308,2,7321013,11297144
312649309,1,9413187,11297144
312649310,2,2164533,11297144
312649311,2,2793412,11297144
312649312,1,1550709,11297144
312649313,1,2167359,11297144
312649314,3,1487928,11297144
312649315,1,2342501,11297144
312649316,1,2356063,11297144
312649317,1,1904269,11297144
312649318,1,2202326,11297144
312649319,1,2657191,11297144
312649320,1,7323728,11297144
312649321,1,7323796,11297144
312650057,1,1232020,11297226
312650058,1,776706,11297226
312650059,1,9490766,11297226
312649350,1,7323880,11297149
312649351,1,1436553,11297149
312649352,1,6357544,11297149
312649353,1,9430607,11297149
312649354,1,3218126,11297149
312649355,1,1942687,11297149
312649356,1,2070139,11297149
312649357,1,1563101,11297149
312649358,1,9646807,11297149
312649359,1,9699626,11297149
312649360,1,2202166,11297149
312649361,2,7230947,11297149
312649362,1,9532805,11297149
312649363,1,2379336,11297149
312649364,1,1770052,11297149
312649365,1,1941890,11297149
312649366,2,9430599,11297149
312649367,2,1465907,11297149
312649368,1,2320616,11297149
312649369,1,1952258,11297149
312649370,1,2341653,11297149
312649371,1,7303793,11297149
312649372,3,9875755,11297149
312649373,1,1897267,11297149
312649374,1,2423272,11297149
312649375,1,9760634,11297149
312649376,1,4192279,11297149
312649377,1,2656167,11297149
312649378,2,1963344,11297149
312649379,1,6971238,11297149
312649380,2,7321763,11297149
312649381,2,2089644,11297149
312649382,2,1524357,11297149
312649383,3,1550654,11297149
312649384,1,2375746,11297149
312649385,1,1527279,11297149
312649386,3,2113709,11297149
312649387,1,2323706,11297149
312649388,1,1939153,11297149
312649389,1,2353699,11297149
312649390,1,1966558,11297149
312649391,1,9636683,11297149
312649392,1,1528431,11297149
312649393,1,2381414,11297149
312649394,1,2766193,11297150
312649174,1,9782473,11297137
312649175,1,4245002,11297137
312649176,2,111052,11297137
312649177,1,2026384,11297137
312649178,2,2059562,11297137
312649179,2,9743390,11297137
312649180,1,852015,11297137
312649181,2,2242002,11297137
312649182,1,4531854,11297137
312649183,3,2030006,11297137
312649184,1,9428409,11297137
312649185,1,9419941,11297137
312648938,1,11070924,11297098
312648939,1,11112731,11297098
312648940,2,4655849,11297098
312648941,1,11080860,11297098
312648942,2,2005220,11297098
312648943,2,8436218,11297098
312648944,2,4220056,11297098
312648945,1,2718239,11297098
312648946,2,4180339,11297098
312648947,2,2150598,11297098
312648948,1,3148935,11297098
312648949,5,6118692,11297098
312648950,1,11166846,11297098
312648951,1,11206810,11297098
312648952,1,6332024,11297098
312648953,1,2737372,11297098
312649322,1,7328923,11297147
312649323,1,7328837,11297147
312649324,1,7328665,11297147
312649325,1,9798878,11297147
312649326,1,4021817,11297147
312649327,1,1472072,11297147
312649328,1,9630560,11297147
312649329,1,2766193,11297147
312649330,1,2644672,11297147
312649331,2,2107152,11297147
312649332,1,1940150,11297147
312649333,1,7328566,11297147
312649334,1,2559133,11297147
312649335,1,2320331,11297147
312649479,1,9770797,11297157
312649395,1,1909095,11297150
312649396,1,7320181,11297150
312649397,7,7325889,11297150
312649398,1,3176687,11297150
312649399,2,2381317,11297150
312649400,1,4027437,11297150
312649401,1,7323880,11297150
312649402,1,1436553,11297150
312649403,1,2293048,11297150
312649404,1,6357544,11297150
312649405,1,8229453,11297150
312649406,1,2095052,11297150
312649407,1,9752045,11297150
312649408,1,2969186,11297150
312649409,1,2400841,11297150
312649410,1,7328245,11297150
312649411,3,1970347,11297150
312649412,1,2400713,11297150
312649413,2,2285409,11297150
312649414,1,4192279,11297150
312649415,1,2656167,11297150
312649416,1,1525596,11297150
312649417,1,9710239,11297150
312649418,1,1888330,11297150
312649419,1,7323476,11297150
312649420,1,1886664,11297150
312649421,1,1561640,11297150
312649422,1,2675202,11297150
312649423,1,1940464,11297150
312649424,1,2355827,11297150
312649425,1,1890312,11297150
312649426,1,7286542,11297150
312649427,1,3559048,11297150
312649428,1,7323686,11297150
312649429,2,2084478,11297150
312649430,1,1970127,11297150
312649431,1,2345691,11297150
312649432,2,1962962,11297150
312649433,1,9698552,11297150
312649434,1,7323556,11297150
312649435,1,2095631,11297150
312649436,1,1508909,11297150
312649437,1,9648446,11297150
312649438,1,2338037,11297150
312649439,1,2315288,11297150
312649440,1,9456446,11297150
312649441,1,1889395,11297150
312649442,2,1898305,11297150
312649443,2,1959626,11297150
312649444,1,1987805,11297150
312649500,3,4652433,11297160
312649501,2,2119192,11297160
312649502,2,9434566,11297160
312649503,1,10145961,11297160
312649504,5,9429592,11297160
312649505,5,4538476,11297160
312649546,3,2218078,11297170
312649547,2,9574183,11297170
312649548,3,1877815,11297170
312649549,4,9800565,11297170
312649451,1,9824410,11297153
312649452,1,895053,11297153
312649453,2,9512876,11297153
312650109,1,8122672,11297233
312650110,1,805037,11297233
312650111,1,204553,11297233
312650394,3,9837035,11297240
312650395,4,7271031,11297240
312650396,2,595229,11297240
312650397,1,9500439,11297240
312650398,1,7270515,11297240
312650399,2,2790153,11297240
312650400,1,9506043,11297240
312649473,1,3090118,11297152
312649474,1,9758950,11297152
312649475,1,2124977,11297152
312649476,1,2277281,11297152
312649477,1,9654888,11297152
312649483,1,9730203,11297158
312649484,1,9690586,11297158
312649485,1,9812405,11297158
312649486,1,1766605,11297158
312649487,1,2947176,11297158
312649488,3,9605117,11297158
312649489,1,4383726,11297158
312649490,1,9812366,11297158
312649491,1,9772716,11297158
312649492,1,6108405,11297158
312649493,1,6111186,11297158
312649494,1,1989956,11297158
312649495,2,6110079,11297158
312649496,1,3168101,11297158
312649497,1,2272122,11297158
312649498,1,9621185,11297158
312649499,1,1638168,11297158
312650392,1,8644181,11297243
312650393,1,8647707,11297243
312649516,3,10576515,11297161
312649520,2,9423233,11297166
312649521,3,8203978,11297166
312649938,1,3062323,11297190
312649939,1,1861399,11297190
312649940,1,1724165,11297190
312649941,1,1697784,11297190
312649942,1,4196217,11297190
312649943,1,1708764,11297190
312649944,1,2748183,11297190
312649540,6,1639266,11297159
312649541,2,1613931,11297159
312649542,3,1762566,11297159
312649543,2,8195685,11297159
312649544,2,1624369,11297159
312649545,2,2178357,11297159
312649550,3,8203633,11297170
312649551,1,475786,11297170
312649552,2,1835056,11297170
312649553,3,2029896,11297170
312649554,3,6344123,11297163
312649555,3,1867276,11297163
312649556,3,8203633,11297163
312649557,2,1937564,11297163
312649558,3,9886581,11297163
312649559,3,9884036,11297163
312649560,2,9740296,11297163
312649561,2,2209694,11297163
312649562,4,1930857,11297163
312649563,3,9809031,11297163
312649564,3,2109837,11297163
312649565,3,8203915,11297163
312649587,2,2109837,11297167
312649588,2,1250971,11297167
312649589,3,9690426,11297167
312649590,3,9852833,11297167
312649798,3,9494882,11297184
312649799,15,781828,11297184
312649800,1,787580,11297184
312649801,4,109067,11297184
312649802,2,2674028,11297184
312649803,4,4528128,11297184
312649804,2,9434893,11297184
312649805,2,9432491,11297184
312649806,2,9441719,11297184
312649807,1,94599,11297184
312649808,1,9426321,11297184
312649809,1,102537,11297184
312649810,1,9422181,11297184
312649811,8,9431251,11297184
312649812,1,10757634,11297184
312649813,2,814956,11297184
312649814,5,9425622,11297184
312649566,10,1867276,11297169
312649567,3,9675735,11297169
312649568,3,2058781,11297169
312649569,10,9429592,11297169
312649570,3,9700110,11297169
312649571,2,8201908,11297169
312649572,3,9823588,11297169
312649573,3,1250971,11297169
312649655,1,10575598,11297172
312649656,3,10576932,11297172
312649657,1,1871224,11297172
312649658,3,8203335,11297172
312649659,10,1845401,11297172
312649660,3,9531801,11297172
312649574,6,9669017,11297168
312649575,8,1867276,11297168
312649576,4,6344123,11297168
312649577,2,1950748,11297168
312649578,2,2112509,11297168
312649579,7,8203633,11297168
312649580,6,9429592,11297168
312649581,3,9740908,11297168
312649582,3,1985473,11297168
312649583,3,8204155,11297168
312649584,4,1930857,11297168
312649585,3,9809031,11297168
312649586,2,1250971,11297168
312650112,1,4405450,11297231
312650113,6,9429592,11297231
312650114,1,8407897,11297231
312650115,2,10481895,11297231
312650116,1,2520764,11297231
312650117,1,8480565,11297231
312650118,1,2681534,11297231
312650119,1,7012122,11297231
312649592,3,8203489,11297164
312649593,2,6344123,11297164
312649594,3,9429592,11297164
312649595,4,9655955,11297164
312649596,3,1850349,11297164
312649662,1,9432890,11297174
312649663,6,9871078,11297174
312649664,7,8204311,11297174
312649665,4,1961147,11297174
312649666,1,9433765,11297174
312649667,1,9433549,11297174
312650767,1,11264537,11297298
312650768,1,4714180,11297298
312650769,1,2639643,11297298
312650770,2,9880109,11297298
312650813,3,9424363,11297302
312650814,8,1434305,11297302
312650815,9,11264648,11297302
312649597,3,2218078,11297165
312649598,6,1867276,11297165
312649599,4,6344123,11297165
312649600,3,1690773,11297165
312649601,3,9823588,11297165
312649602,2,2125223,11297165
312649603,3,9654497,11297165
312649604,3,2227908,11297165
312649605,3,9669010,11297165
312649606,3,9739944,11297165
312649607,3,1346323,11297165
312650531,1,1059230,11297281
312649608,2,8203435,11297176
312649609,4,2205399,11297176
312649610,3,9853804,11297176
312649611,3,2152692,11297176
312649612,2,1249709,11297176
312649613,2,9709970,11297176
312649614,2,1250971,11297176
312649615,3,8205033,11297176
312649616,2,1844418,11297176
312649617,3,1305107,11297176
312649618,3,9690314,11297176
312649619,2,1586520,11297176
312649620,2,1290439,11297176
312649621,2,9691095,11297176
312649622,1,10576355,11297176
312649623,3,1291934,11297176
312649624,2,9432952,11297176
312649625,2,1692447,11297176
312649661,2,9580949,11297172
312650753,2,11264932,11297295
312649668,2,4355579,11297173
312649669,8,1943110,11297173
312649670,4,9800559,11297173
312649671,3,2087679,11297173
312649672,1,1659860,11297173
312649673,3,1872170,11297173
312649674,6,9674044,11297173
312649675,2,1237754,11297173
312649676,2,9517560,11297173
312649677,4,1877286,11297173
312649678,2,1585481,11297173
312649679,2,1711332,11297173
312649680,2,1603679,11297173
312649681,2,1927446,11297173
312649682,1,9950990,11297173
312649683,3,9431737,11297173
312649684,1,112657,11297173
312649685,3,8204454,11297173
312649686,2,7360826,11297173
312649687,3,8414912,11297173
312649688,1,2709209,11297173
312649689,2,1209884,11297173
312649690,1,9488513,11297173
312649691,1,9948362,11297173
312649692,1,9888773,11297173
312649693,1,373472,11297173
312649694,4,9960514,11297173
312649970,1,4965171,11297216
312649971,1,4966414,11297216
312649972,1,2345650,11297216
312649973,1,9634754,11297216
312650623,2,1058322,11297290
312649698,3,4010106,11297177
312649699,5,8200805,11297177
312649700,6,8202000,11297177
312649701,2,8190205,11297177
312649702,3,8203449,11297177
312649703,3,9738190,11297177
312649704,2,8200597,11297177
312649705,2,1237754,11297177
312649710,3,1198745,11297178
312649711,1,797147,11297178
312649712,2,9366624,11297178
312649713,1,2706,11297178
312649714,1,796231,11297178
312649715,2,796017,11297178
312649716,2,781977,11297178
312649717,1,9627274,11297178
312649718,1,1288829,11297178
312649719,2,2610,11297178
312649720,1,4551484,11297178
312649948,2,9432890,11297195
312649949,1,1106441,11297195
312649721,1,4540006,11297180
312649722,5,9561968,11297180
312649723,10,797916,11297180
312649724,1,9435287,11297180
312649725,1,9841117,11297180
312649726,1,9485610,11297180
312649727,2,8412920,11297180
312649728,4,10790733,11297181
312649729,1,9430607,11297181
312649730,1,9430403,11297181
312649731,1,473122,11297181
312649732,1,2682270,11297181
312649733,1,72625,11297181
312649734,4,9426610,11297181
312649735,1,9527063,11297181
312649736,3,4561662,11297181
312649737,6,8992703,11297181
312649738,6,520690,11297181
312649739,1,8901456,11297181
312649740,1,10805780,11297181
312649741,1,4405596,11297181
312649742,1,610634,11297181
312649743,1,783612,11297181
312649744,1,785607,11297181
312649745,1,771827,11297181
312650486,1,1921994,11297273
312650487,1,2392408,11297273
312650488,1,2049776,11297273
312650489,2,9736652,11297273
312650490,1,2197976,11297273
312650491,1,1461887,11297273
312650492,4,3006871,11297273
312650493,1,1924580,11297273
312650494,1,2308645,11297273
312650495,3,2379496,11297273
312650496,1,1972215,11297273
312650497,4,1968607,11297273
312650498,5,2334726,11297273
312650499,5,4407830,11297273
312650500,2,2391836,11297273
312650501,5,1490563,11297273
312650502,1,2370239,11297273
312650503,1,2071298,11297273
312650504,1,1424871,11297273
312650505,1,1905030,11297273
312650506,5,1890645,11297273
312650507,2,9869982,11297273
312650508,1,2323055,11297273
312650509,1,4967769,11297273
312650510,2,2816577,11297273
312650511,1,2320030,11297273
312650512,1,2360315,11297273
312650513,1,2181236,11297273
312649754,1,10033660,11297182
312649755,2,85417,11297182
312649756,1,2657927,11297182
312649757,1,186605,11297182
312649758,1,722370,11297182
312649759,1,112578,11297182
312649760,1,2478220,11297182
312650746,2,11264579,11297296
312650747,2,4714735,11297296
312650748,2,9919224,11297296
312650749,3,10763724,11297296
312650750,8,10763725,11297296
312650751,1,11264674,11297296
312650752,2,11264578,11297296
312649761,1,9878846,11297185
312649762,3,1266432,11297185
312649763,1,10593561,11297185
312649764,1,9947731,11297185
312649765,1,8410870,11297185
312649766,1,2814606,11297185
312649767,1,4036602,11297185
312649768,1,4303824,11297185
312649769,2,4090002,11297185
312649770,1,4211905,11297185
312649771,2,186743,11297183
312649772,1,895552,11297183
312649773,2,9432919,11297183
312649774,1,145754,11297183
312649775,1,6325492,11297183
312649776,1,184903,11297183
312649777,1,109908,11297183
312649778,4,11063986,11297183
312649779,5,9413211,11297183
312649780,3,1087952,11297183
312649781,1,145689,11297183
312649782,2,10851702,11297183
312649783,3,9439559,11297183
312649784,2,762194,11297183
312649785,2,3191374,11297183
312649786,2,9080287,11297183
312649787,1,117906,11297183
312649788,1,9966630,11297183
312649789,1,802754,11297183
312649790,2,522131,11297183
312649791,1,396939,11297183
312649792,1,3205407,11297183
312649793,1,513186,11297183
312649794,1,9423519,11297183
312649795,1,411730,11297183
312649796,1,9428125,11297183
312649797,1,9842129,11297183
312649931,1,1736896,11297197
312649932,1,1152489,11297197
312649815,1,9433586,11297184
312649816,5,9824227,11297184
312649817,5,2797291,11297184
312649818,1,9430161,11297184
312649819,1,9502227,11297184
312649820,1,111200,11297184
312649821,1,111686,11297184
312649822,1,9429965,11297184
312649823,2,9434723,11297184
312649824,1,9416248,11297184
312649825,1,6349225,11297184
312649905,2,1472717,11297189
312649906,1,4028767,11297189
312649826,3,9435339,11297187
312649827,5,4698691,11297187
312649828,1,9432577,11297187
312649829,3,9823248,11297187
312649830,2,9810411,11297187
312649831,1,499041,11297187
312649832,2,9433528,11297187
312649833,1,4164113,11297187
312649834,1,8752567,11297187
312649835,1,4018832,11297187
312649836,1,2170991,11297187
312649837,1,4967465,11297187
312649838,5,8488454,11297187
312649839,3,9887210,11297187
312649840,1,2821117,11297187
312649841,1,2719822,11297187
312650084,1,9889205,11297229
312650085,5,9433937,11297229
312650086,1,2376035,11297229
312650087,1,170461,11297229
312650211,1,7246509,11297239
312650212,5,9441858,11297239
312650213,1,110116,11297239
312650214,1,856346,11297239
312650215,1,7242191,11297239
312650216,1,2473779,11297239
312650217,1,4156942,11297239
312650218,1,2675865,11297239
312649907,2,1885279,11297189
312649908,2,2274537,11297189
312649909,1,4033021,11297189
312649910,1,2277625,11297189
312649911,1,2758887,11297189
312649912,1,2357853,11297189
312649913,1,1443950,11297189
312649914,1,4374964,11297189
312649915,1,2197807,11297189
312649916,1,9748101,11297189
312649917,2,4967255,11297189
312649918,2,4393615,11297189
312649919,1,2156174,11297189
312649920,1,2293887,11297189
312649921,1,2399125,11297189
312649922,1,2310303,11297189
312649923,2,1956408,11297189
312649924,1,2074884,11297189
312650194,4,9864053,11297236
312650195,1,187119,11297236
312650196,2,9842116,11297236
312650197,1,2653533,11297236
312650198,1,9432255,11297236
312650199,5,4526557,11297236
312650200,3,9427929,11297236
312650201,1,9824089,11297236
312650202,2,10498969,11297236
312650203,1,9438566,11297236
312650204,1,9439596,11297236
312650205,1,9502817,11297236
312650206,1,814021,11297236
312650207,1,145712,11297236
312650208,2,9483670,11297236
312649925,1,1735315,11297191
312649926,1,1907680,11297191
312649927,1,1831413,11297191
312649928,2,1801981,11297191
312649929,1,1652724,11297191
312649930,1,1945344,11297191
312649933,1,1770934,11297196
312649934,1,1830296,11297196
312649935,1,1632403,11297196
312649936,1,4291525,11297196
312649937,1,4807114,11297196
312649945,1,4158480,11297192
312649946,1,4805553,11297192
312649947,1,4828886,11297192
312650483,1,9526957,11297274
312650484,1,7710550,11297274
312650485,1,1856360,11297274
312649950,1,7777548,11297195
312649951,1,9430599,11297195
312649952,1,4823425,11297195
312649953,1,9415099,11297195
312649954,1,1918722,11297195
312649955,1,4811278,11297195
312649956,1,9433765,11297195
312649957,1,76896,11297195
312649958,1,9398843,11297195
312649965,1,4964734,11297215
312649966,5,9750651,11297215
312649967,1,9819867,11297215
312649968,1,2549326,11297215
312649969,4,1549056,11297215
312649974,1,4966108,11297217
312649975,2,6371502,11297217
312649976,1,2358210,11297217
312649977,1,9635440,11297217
312649978,1,4954196,11297217
312649979,1,4237717,11297217
312649980,5,9706281,11297217
312649981,2,6263401,11297217
312649982,1,9629990,11297217
312649983,1,2178198,11297217
312650001,3,1223890,11297218
312650002,2,4713712,11297218
312650003,1,4752016,11297218
312650004,1,2622910,11297218
312650005,1,11264969,11297218
312650006,1,11264544,11297218
312650590,1,1061466,11297285
312650591,6,1289124,11297285
312650592,2,1217358,11297285
312650593,1,1329477,11297285
312650594,1,1259745,11297285
312650595,1,1063018,11297285
312650596,2,1064458,11297285
312650597,2,1063213,11297285
312650598,1,1064080,11297285
312650599,1,9525222,11297285
312650600,2,1059015,11297285
312650601,1,1061886,11297285
312650007,2,4715872,11297220
312650008,2,4712904,11297220
312650009,1,2600184,11297220
312650010,2,9626575,11297220
312650011,2,4712520,11297220
312650012,2,4714929,11297220
312650013,1,4712885,11297220
312650014,1,2629208,11297220
312650039,6,9429592,11297222
312650040,3,111169,11297222
312650041,3,1119302,11297222
312650042,3,9434250,11297222
312650043,1,4676992,11297222
312650044,1,9414097,11297222
312650045,1,525687,11297222
312650046,2,442141,11297222
312650047,2,4715826,11297222
312650048,2,4749304,11297222
312650049,1,2633664,11297222
312650050,2,4748094,11297222
312650051,1,2625567,11297222
312650052,2,9776210,11297222
312650053,1,4385351,11297222
312650054,1,4711043,11297222
312650055,1,1135960,11297222
312650056,3,4562738,11297222
312650828,1,4713691,11297297
312650829,4,2586285,11297297
312650830,3,4715461,11297297
312650831,4,4525171,11297297
312650832,9,4715418,11297297
312650833,1,4713769,11297297
312650834,1,2582417,11297297
312650835,1,4712212,11297297
312650836,1,2624872,11297297
312650837,3,9423752,11297297
312650838,1,4394334,11297297
312650839,3,4749534,11297297
312650840,1,2626423,11297297
312650841,1,4712953,11297297
312650842,1,2521453,11297297
312650843,3,4764861,11297297
312650844,2,9791145,11297297
312650845,1,11051461,11297297
312650846,9,794369,11297297
312650847,12,9535020,11297297
312650848,12,1141218,11297297
312650849,6,4760957,11297297
312650850,3,4710762,11297297
312650851,3,4715861,11297297
312650852,1,4713244,11297297
312650853,1,2587732,11297297
312650854,1,4453949,11297297
312650855,3,9776578,11297297
312650856,1,4755553,11297297
312650857,1,2527041,11297297
312650858,4,9781691,11297297
312650859,1,4909194,11297297
312650860,2,9897990,11297297
312650861,1,11264530,11297297
312650862,4,10763725,11297297
312650863,2,4714991,11297297
312650864,4,4760297,11297297
312650865,2,4761920,11297297
312650866,1,4714369,11297297
312650867,1,2601840,11297297
312650868,1,11264537,11297297
312650869,1,4746940,11297297
312650870,1,2534207,11297297
312650871,4,11264557,11297297
312650872,5,4714776,11297297
312650873,2,3132921,11297297
312650874,2,4712184,11297297
312650875,1,2600836,11297297
312650876,2,4715430,11297297
312650877,1,4711049,11297297
312650878,1,1119393,11297297
312650879,1,4714555,11297297
312650880,2,2628572,11297297
312650881,5,9418797,11297297
312650882,4,1234420,11297297
312650073,1,576706,11297225
312650074,2,9427946,11297225
312650075,1,220084,11297225
312650076,1,443037,11297225
312650077,1,391266,11297225
312650078,1,104095,11297225
312650079,1,9382639,11297225
312650080,1,7360827,11297225
312650081,1,10831144,11297225
312650082,1,76183,11297225
312650083,1,153007,11297225
312650569,7,1059420,11297284
312650570,1,1059488,11297284
312650571,1,88034,11297284
312650572,1,3208859,11297284
312650573,1,103355,11297284
312650574,1,9419925,11297284
312650575,5,9577646,11297284
312650576,2,9426469,11297284
312650577,5,9485194,11297284
312650578,4,9427702,11297284
312650579,1,6821699,11297284
312650580,1,1058690,11297284
312650581,1,1058743,11297284
312650582,3,9583080,11297284
312650583,1,1276054,11297284
312650584,2,1058870,11297284
312650585,2,1282567,11297284
312650586,1,9419488,11297284
312650587,1,9420809,11297284
312650588,1,1058143,11297284
312650589,1,9588502,11297284
312650795,2,4760755,11297299
312650796,4,4714301,11297299
312650797,6,9888902,11297299
312650798,2,9626575,11297299
312650799,1,4750253,11297299
312650800,1,2598195,11297299
312650801,2,1123467,11297299
312650802,5,4691865,11297299
312650803,2,4714835,11297299
312650804,1,4711293,11297299
312650805,1,1429298,11297299
312650806,1,9940196,11297299
312650807,1,4713428,11297299
312650808,1,2629337,11297299
312650809,2,1199053,11297299
312650810,6,11264554,11297299
312650811,3,3162345,11297299
312650812,2,4995221,11297299
312650088,1,9423399,11297230
312650470,1,6658758,11297268
312650471,1,629096,11297268
312650472,2,9429188,11297268
312650473,1,6658943,11297268
312650474,1,6662806,11297268
312650475,2,6827185,11297268
312650476,3,218177,11297268
312650099,1,9432018,11297228
312650100,1,2743761,11297228
312650101,1,4228010,11297228
312650102,5,9515838,11297228
312650103,2,9824286,11297228
312650104,1,9016195,11297228
312650105,1,2720240,11297228
312650106,1,8044374,11297228
312650107,1,8044310,11297228
312650108,1,8043827,11297228
312650298,1,9435053,11297235
312650299,1,9426610,11297235
312650300,1,2716410,11297235
312650301,1,198658,11297235
312650302,2,10478237,11297235
312650303,1,187408,11297235
312650304,3,9435339,11297235
312650305,1,2674752,11297235
312650306,2,2663743,11297235
312650307,4,9435068,11297235
312650308,1,105573,11297235
312650309,1,2662818,11297235
312650310,1,9432577,11297235
312650311,2,2520562,11297235
312650312,1,2503837,11297235
312650313,2,2682226,11297235
312650314,4,2661609,11297235
312650315,1,2540290,11297235
312650316,1,2305288,11297235
312650317,1,9387567,11297235
312650318,1,429181,11297235
312650319,1,9428105,11297235
312650320,1,118435,11297235
312650321,1,7845248,11297235
312650322,1,145793,11297235
312650323,1,186805,11297235
312650122,1,2668887,11297232
312650123,1,187319,11297232
312650124,1,1921942,11297232
312650125,1,569281,11297232
312650126,2,7278370,11297232
312650127,1,2681907,11297232
312650128,2,186869,11297232
312650129,1,9879905,11297232
312650130,1,2299497,11297232
312650131,2,2184539,11297232
312650132,1,9694355,11297232
312650133,1,9731408,11297232
312650514,2,852555,11297279
312650515,1,853320,11297279
312650516,3,852168,11297279
312650517,1,2481599,11297279
312650518,8,2736846,11297279
312650519,1,4160083,11297279
312650520,1,2039985,11297279
312650135,1,9441427,11297227
312650136,1,9432577,11297227
312650137,3,10012738,11297227
312650138,1,9428673,11297227
312650139,8,9910607,11297227
312650140,1,6345022,11297227
312650141,2,76292,11297227
312650142,2,3213871,11297227
312650143,2,9435229,11297227
312650144,1,9435151,11297227
312650145,1,9836286,11297227
312650146,1,145884,11297227
312650147,2,9435422,11297227
312650148,1,11050616,11297227
312650149,1,9900816,11297227
312650150,1,8865737,11297227
312650151,1,6414343,11297227
312650152,2,5472503,11297227
312650153,1,5438237,11297227
312650154,1,85609,11297227
312650155,1,94559,11297227
312650156,1,6227248,11297227
312650157,2,4273948,11297227
312650158,1,8176929,11297227
312650159,1,5432927,11297227
312650160,1,9416289,11297227
312650161,1,3627882,11297227
312650162,1,3580694,11297227
312650163,1,6242221,11297227
312650164,1,9546556,11297227
312650165,1,84764,11297227
312650166,1,9770877,11297227
312650167,2,213412,11297227
312650168,2,9433818,11297227
312650169,1,9430599,11297227
312650170,1,9430189,11297227
312650171,5,9416111,11297227
312650172,2,9955284,11297227
312650173,1,118082,11297227
312650174,1,9375645,11297227
312650175,1,9515886,11297227
312650176,1,8914982,11297227
312650177,1,4582066,11297227
312650178,1,2809763,11297227
312650179,1,3272323,11297227
312650180,1,780258,11297227
312650181,1,9521943,11297227
312650182,1,699617,11297227
312650183,1,9527094,11297227
312650184,1,9431265,11297227
312650185,1,9431229,11297227
312650186,1,1153602,11297227
312650187,1,7927704,11297227
312650188,1,6538368,11297227
312650189,1,3274925,11297227
312650190,1,6541069,11297227
312650191,1,6682168,11297227
312650192,1,4700327,11297227
312650193,1,9432543,11297227
312650209,1,400070,11297236
312650210,1,2819353,11297236
312650219,1,2661487,11297239
312650220,2,8735574,11297239
312650221,3,9506018,11297239
312650222,1,8749589,11297239
312650223,3,2659815,11297239
312650224,1,4180402,11297239
312650225,2,2793398,11297239
312650226,5,4406937,11297239
312650227,1,110255,11297239
312650228,1,9046783,11297239
312650229,1,9034056,11297239
312650230,2,813628,11297239
312650231,1,405153,11297239
312650232,1,9502773,11297239
312650407,1,6658758,11297247
312650408,1,629096,11297247
312650409,2,9429188,11297247
312650410,1,6658943,11297247
312650411,1,6662806,11297247
312650412,2,6827185,11297247
312650413,3,218177,11297247
312650602,4,1061627,11297287
312650603,2,1245914,11297287
312650604,1,1062323,11297287
312650605,1,1330935,11297287
312650606,1,1065651,11297287
312650646,1,1058640,11297291
312650647,3,4208080,11297291
312650648,4,1066498,11297291
312650649,1,3161431,11297291
312650650,2,1371861,11297291
312650651,7,1059335,11297291
312650652,1,9524526,11297291
312650653,1,1061495,11297291
312650654,2,1059598,11297291
312650655,1,2657775,11297291
312650656,3,3213871,11297291
312650657,4,4168725,11297291
312650658,1,6818810,11297291
312650659,1,1058234,11297291
312650660,2,1062205,11297291
312650661,1,1323158,11297291
312650662,1,4247198,11297291
312650663,1,1282567,11297291
312650664,1,1262778,11297291
312650665,1,4279903,11297291
312650666,5,1058316,11297291
312650667,5,1058073,11297291
312650233,1,9941570,11297238
312650234,1,185538,11297238
312650235,1,2420588,11297238
312650236,1,4148106,11297238
312650237,1,108752,11297238
312650238,3,9429294,11297238
312650239,2,4673620,11297238
312650240,9,9435351,11297238
312650241,1,2801751,11297238
312650242,2,107194,11297238
312650243,1,104856,11297238
312650244,1,3202018,11297238
312650245,1,621628,11297238
312650246,1,9433917,11297238
312650247,1,9489483,11297238
312650248,2,9470768,11297238
312650249,1,7803876,11297238
312650250,1,9409525,11297238
312650251,1,577667,11297238
312650252,1,9434042,11297238
312650253,1,8410817,11297238
312650254,1,4292773,11297238
312650255,1,535637,11297238
312650256,2,541740,11297238
312650257,2,798811,11297238
312650258,1,2784695,11297238
312650259,1,9486830,11297238
312650260,1,9436821,11297238
312650266,1,187276,11297237
312650267,1,108786,11297237
312650268,1,186865,11297237
312650269,1,187335,11297237
312650270,1,2780764,11297237
312650271,1,118482,11297237
312650272,7,4502155,11297237
312650273,1,2660920,11297237
312650274,2,182793,11297237
312650275,1,2744400,11297237
312650276,1,2663624,11297237
312650277,3,187050,11297237
312650278,6,187112,11297237
312650279,1,186669,11297237
312650280,1,4395841,11297237
312650281,3,2827980,11297237
312650282,6,3205403,11297237
312650283,4,4413196,11297237
312650284,2,3212872,11297237
312650285,5,2960853,11297237
312650286,1,9439808,11297237
312649103,2,2487592,11297117
312649104,1,9442153,11297117
312649105,1,9430599,11297117
312649106,9,4532944,11297117
312649107,1,4967211,11297117
312649108,2,184891,11297117
312649109,3,185038,11297117
312649110,1,4125108,11297117
312649111,1,9802816,11297117
312649112,2,10502330,11297117
312649113,1,187159,11297117
312649114,1,108786,11297117
312649115,6,2816864,11297117
312649116,1,2659404,11297117
312649454,2,2362457,11297152
312649455,1,6108649,11297152
312649456,1,9680773,11297152
312649457,1,894639,11297152
312649458,1,895225,11297152
312649459,2,1382071,11297152
312649460,2,1635849,11297152
312649461,1,1660247,11297152
312649462,1,9705773,11297152
312649463,2,5113636,11297152
312649464,1,9630367,11297152
312649465,2,9681253,11297152
312649466,1,9779471,11297152
312649467,2,9668747,11297152
312649468,1,5282528,11297152
312649469,1,2275234,11297152
312649470,2,2959506,11297152
312649471,1,2435409,11297152
312649472,1,4108287,11297152
312649064,1,4446186,11297112
312649065,1,149711,11297112
312649066,1,4367125,11297112
312649067,1,10502620,11297112
312649068,2,77617,11297112
312649069,1,4995508,11297112
312649070,2,2961221,11297112
312649071,1,1156108,11297112
312649072,1,9416014,11297112
312649073,1,75681,11297112
312649074,1,782491,11297112
312649075,1,9433397,11297112
312649076,1,9416182,11297112
312649077,1,150723,11297112
312649078,1,9435287,11297112
312649079,1,151630,11297112
312649080,1,9842216,11297112
312649081,1,4265274,11297112
312649082,1,2678101,11297112
312649083,1,9808514,11297112
312649084,1,3192771,11297112
312649098,1,9890777,11297115
312649099,1,9418994,11297115
312649100,1,107194,11297115
312649101,1,729686,11297115
312649102,1,4167764,11297115
312649478,1,9770797,11297156
312649480,2,9427680,11297158
312649481,2,1404060,11297158
312649482,1,9812291,11297158
312649127,4,4420531,11297119
312650287,1,2778179,11297237
312650288,1,110424,11297237
312650289,1,2659383,11297237
312650290,1,2765255,11297237
312650291,2,2400658,11297237
312650292,1,2814840,11297237
312650293,1,2470490,11297237
312650294,1,804296,11297237
312650295,1,186902,11297237
312650296,1,2620700,11297237
312650297,1,4421128,11297237
312650324,3,432210,11297235
312650325,2,747146,11297235
312650326,3,7248760,11297235
312650327,2,499041,11297235
312650328,1,1497196,11297235
312650329,2,783938,11297235
312650330,2,3041023,11297235
312650331,1,1591116,11297235
312650332,1,2574130,11297235
312650333,3,2663716,11297235
312650334,1,2529932,11297235
312650335,1,2554502,11297235
312650336,1,1944194,11297235
312650337,3,186645,11297235
312650338,3,2464008,11297235
312650339,1,9695647,11297235
312650340,3,1515905,11297235
312650341,1,1885300,11297235
312650342,1,1558878,11297235
312650343,1,2660542,11297235
312650344,1,1924630,11297235
312650345,1,2795995,11297235
312650346,2,2325498,11297235
312650347,1,2571981,11297235
312650348,3,2659410,11297235
312650349,1,2453362,11297235
312650350,1,8307623,11297235
312650351,3,2470368,11297235
312650352,2,8733369,11297235
312650353,2,4193486,11297235
312650354,2,7593598,11297235
312650355,1,9435129,11297235
312650356,1,2762153,11297235
312650357,2,186658,11297235
312650358,2,187348,11297235
312650359,3,2416599,11297235
312650360,1,2661100,11297235
312650361,4,187472,11297235
312650362,3,681587,11297235
312650363,1,9425636,11297235
312650364,1,2114281,11297235
312650365,1,4174308,11297235
312650366,3,9823248,11297235
312650367,1,7861713,11297235
312650368,2,104200,11297235
312650369,3,801440,11297235
312650370,1,9001842,11297235
312650371,1,487109,11297235
312650372,3,9487060,11297235
312650373,1,4170683,11297235
312650374,1,7248761,11297235
312650375,1,2799540,11297235
312650376,3,380927,11297235
312650377,2,2419102,11297235
312650378,1,8740099,11297235
312650379,1,8739953,11297235
312650380,1,185696,11297235
312650381,2,9431310,11297235
312650382,1,2661487,11297235
312650383,1,7249333,11297235
312650384,2,4195357,11297235
312650385,1,186524,11297235
312650386,2,185418,11297235
312650387,2,186337,11297235
312650388,2,1614232,11297235
312650389,3,2469748,11297235
312650390,1,1749050,11297235
312650391,1,543051,11297235
312650557,1,9594660,11297283
312650558,5,2655570,11297283
312650559,2,1058917,11297283
312650560,1,6813063,11297283
312650561,2,1200519,11297283
312650562,1,1058852,11297283
312650563,2,1058248,11297283
312650564,3,1059425,11297283
312650565,1,1061712,11297283
312650566,3,1059591,11297283
312650567,3,1059688,11297283
312650568,2,9525251,11297283
312650771,2,9755353,11297304
312650772,2,4312147,11297304
312650773,5,6533679,11297304
312650907,1,9940196,11297303
312650908,14,4716577,11297303
312650909,2,9536844,11297303
312650910,5,4714555,11297303
312650911,1,2628572,11297303
312650912,3,4711316,11297303
312650913,6,9888370,11297303
312650914,2,4760276,11297303
312650915,1,9947885,11297303
312650916,1,4713527,11297303
312650917,1,2565043,11297303
312650918,1,9964754,11297303
312650401,1,6658758,11297251
312650402,1,629096,11297251
312650403,2,9429188,11297251
312650404,1,6658943,11297251
312650405,1,6662806,11297251
312650406,2,6827185,11297251
312650414,1,868381,11297253
312650415,1,7218289,11297253
312650416,3,677160,11297253
312650417,1,4218199,11297253
312650418,1,2676495,11297253
312650419,1,6658758,11297253
312650420,1,629096,11297253
312650421,1,9429188,11297253
312650422,2,6658943,11297253
312650423,1,6662806,11297253
312650424,1,4112252,11297253
312650425,1,868381,11297257
312650426,1,7218289,11297257
312650427,3,677160,11297257
312650428,1,4218199,11297257
312650429,1,2676495,11297257
312650430,1,6645489,11297257
312650431,1,6658758,11297257
312650432,1,629096,11297257
312650433,1,9429188,11297257
312650434,1,6658943,11297257
312650435,1,6662806,11297257
312651033,15,4715854,11297301
312651034,2,1202167,11297301
312651035,1,4714314,11297301
312651036,1,2600024,11297301
312651037,4,145633,11297301
312651038,5,9422763,11297301
312651039,1,4713254,11297301
312651040,1,2638972,11297301
312651041,3,4713867,11297301
312651042,2,4711843,11297301
312651043,1,1402681,11297301
312651044,2,9626584,11297301
312651045,2,1192048,11297301
312651046,2,9424220,11297301
312651047,2,9626575,11297301
312651048,2,4713552,11297301
312651049,1,2632535,11297301
312651050,2,4714589,11297301
312651051,1,2448583,11297301
312651052,2,9617095,11297301
312651053,2,4925412,11297301
312651054,7,4525049,11297301
312651055,5,1360803,11297301
312651056,1,4714288,11297301
312651057,2,2637469,11297301
312651058,1,4713597,11297301
312651059,2,2598178,11297301
312651060,1,4711746,11297301
312651061,1,1428019,11297301
312651062,2,1188672,11297301
312651063,2,2608235,11297301
312651064,1,11264983,11297301
312651065,1,4713973,11297301
312651066,1,2622074,11297301
312651067,1,4714570,11297301
312651068,1,2628639,11297301
312650439,1,6658943,11297249
312650440,1,6662806,11297249
312650441,1,204379,11297249
312650442,1,213766,11297249
312650443,1,184763,11297249
312650444,2,629096,11297249
312650445,1,9429188,11297249
312650446,2,4112252,11297249
312650447,1,6646520,11297249
312650448,1,6826528,11297249
312650449,2,6643309,11297249
312650459,1,6827092,11297259
312650460,1,903483,11297259
312650461,1,6647560,11297259
312650462,1,208532,11297259
312650463,1,9484189,11297259
312650464,1,2800969,11297259
312650465,1,3205409,11297259
312650466,2,2679594,11297259
312650467,1,6661828,11297259
312650468,1,9432860,11297259
312650469,1,7218458,11297259
312650477,1,607196,11297270
312650478,1,6647560,11297270
312650479,1,208532,11297270
312650480,2,9484189,11297270
312650481,1,856099,11297270
312650482,1,628695,11297270
312650999,2,1360803,11297300
312651000,5,9961288,11297300
312651001,7,4714180,11297300
312651002,1,2639643,11297300
312651003,2,11264589,11297300
312651004,3,9434507,11297300
312651005,4,9429592,11297300
312651006,1,4741798,11297300
312651007,1,2516868,11297300
312651008,2,4711120,11297300
312651009,2,4752001,11297300
312651010,1,2519202,11297300
312651011,2,1428265,11297300
312651012,2,4716862,11297300
312651013,2,9629045,11297300
312651014,12,4461628,11297300
312651015,4,4714354,11297300
312651016,1,2626189,11297300
312651017,1,11264658,11297300
312651018,1,4711971,11297300
312650521,4,7401563,11297280
312650522,1,8368850,11297280
312650523,2,9781326,11297280
312650524,4,1341704,11297280
312650525,2,1301985,11297280
312650526,3,1392820,11297280
312650527,1,1417876,11297280
312650528,2,1328001,11297280
312650529,4,1305462,11297280
312650530,2,8294847,11297280
312650955,1,10586417,11297309
312650956,1,4713100,11297309
312650957,1,2640009,11297309
312650958,1,4714363,11297309
312650959,1,2630165,11297309
312650960,3,4640195,11297309
312650961,3,9426022,11297309
312650962,2,4713040,11297309
312650963,10,9548445,11297309
312650964,3,9632271,11297309
312650965,3,2809763,11297309
312650966,3,9434414,11297309
312650967,2,4712923,11297309
312650968,2,3162877,11297309
312650969,3,9413253,11297309
312650970,1,4307968,11297309
312650971,3,4716852,11297309
312650532,1,4265373,11297281
312650533,1,6821374,11297281
312650534,1,6821702,11297281
312650535,5,1238681,11297281
312650536,1,1058661,11297281
312650537,2,1219981,11297281
312650538,1,6827894,11297281
312650539,3,1059479,11297281
312650540,3,104321,11297281
312650541,4,1062184,11297281
312650542,1,1302097,11297281
312650543,3,4178905,11297281
312650544,1,1062788,11297281
312650545,1,1058253,11297281
312650546,1,1057635,11297281
312650547,1,4272181,11297281
312650548,1,1063610,11297281
312650549,1,1058514,11297281
312650550,1,9886867,11297281
312650551,3,4232947,11297282
312650552,2,6817149,11297282
312650553,1,1058119,11297282
312650554,1,4303468,11297282
312650555,1,4356806,11297282
312650556,2,9525485,11297282
312650607,1,1058475,11297288
312650608,1,4305665,11297288
312650609,1,9525461,11297288
312650610,3,6827432,11297288
312650624,1,1058119,11297290
312650625,2,4356806,11297290
312650626,1,1062179,11297290
312650627,3,9524719,11297290
312650628,1,1058209,11297290
312650629,1,1059008,11297290
312650630,1,9843917,11297290
312650631,1,1063354,11297290
312650632,1,9524984,11297290
312650633,2,1256303,11297290
312650634,2,1063649,11297290
312650635,1,4417048,11297290
312650636,1,2790205,11297290
312650637,1,4279904,11297290
312650638,2,1058852,11297290
312650639,1,4173494,11297290
312650640,2,1061821,11297290
312650641,4,1064358,11297290
312650642,1,1269531,11297290
312649128,1,722373,11297119
312649129,2,4554012,11297119
312649130,1,2731684,11297119
312649277,1,9434602,11297145
312649278,2,2272469,11297145
312649279,1,2799490,11297145
312649280,1,2054438,11297145
312649281,2,6360483,11297145
312649282,1,2809220,11297145
312649283,1,2304210,11297145
312649284,2,9702735,11297145
312649285,1,9432952,11297145
312649286,1,9759730,11297145
312649287,1,3558406,11297145
312649288,1,2674662,11297145
312649746,1,9402660,11297182
312649747,2,9429294,11297182
312649748,1,2669597,11297182
312649749,1,112256,11297182
312649750,1,10464417,11297182
312649751,1,9468405,11297182
312649752,1,380509,11297182
312649753,1,11085137,11297182
312649960,1,9805213,11297214
312649961,1,2054355,11297214
312649962,1,4351215,11297214
312650261,3,9430599,11297237
312650262,2,186596,11297237
312650263,1,9844016,11297237
312650264,1,9809466,11297237
312650265,1,9430607,11297237
312649506,2,9740296,11297161
312649507,1,9432890,11297161
312649508,3,8203872,11297161
312649510,3,8204311,11297161
312649511,3,9798627,11297161
312649513,4,4546183,11297161
312648929,11,9390236,11297099
312648930,8,4557652,11297099
312648931,1,8251256,11297099
312648932,3,9429592,11297099
312648933,2,4304819,11297099
312648934,1,4255473,11297099
312648935,3,2166262,11297099
312648936,1,6332034,11297099
312648937,2,4080550,11297099
312650060,1,9375378,11297224
312650061,1,9874204,11297224
312650062,1,795120,11297224
312650063,1,9226123,11297224
312650064,1,9434181,11297224
312650065,7,784304,11297224
312650066,2,4674219,11297224
312650067,1,4164429,11297224
312650068,1,169558,11297224
312650069,1,8414084,11297224
312650070,1,9433881,11297224
312650071,1,9365941,11297224
312650774,7,1059420,11297286
312650775,1,1059488,11297286
312650776,1,88034,11297286
312650777,1,3208859,11297286
312650778,1,103355,11297286
312650779,1,9419925,11297286
312650780,5,9577646,11297286
312650781,2,9426469,11297286
312650782,5,9485194,11297286
312650783,4,9427702,11297286
312650784,1,6821699,11297286
312650785,1,1058690,11297286
312650786,1,1058743,11297286
312650787,3,9583080,11297286
312650788,1,1276054,11297286
312650789,2,1058870,11297286
312650790,2,1282567,11297286
312650791,1,9419488,11297286
312650792,1,9420809,11297286
312650793,1,1058143,11297286
312650794,1,9588502,11297286
312649045,1,9440630,11297111
312649046,1,75917,11297111
312649047,1,4547926,11297111
312649048,1,75936,11297111
312649049,1,7806878,11297111
312649050,1,4244602,11297111
312650643,1,6821516,11297290
312650644,2,1212547,11297290
312650645,1,6809749,11297290
312650668,1,6817993,11297291
312650669,2,1219228,11297291
312650670,3,1061699,11297291
312650671,1,4178905,11297291
312650672,1,3202011,11297291
312650720,1,1061908,11297294
312650888,1,4749874,11297308
312650889,1,2632425,11297308
312650890,2,1176849,11297308
312650943,2,4167254,11297307
312650944,2,1268403,11297307
312650945,1,4711913,11297307
312650946,1,2638760,11297307
312650947,1,4741765,11297307
312650948,1,2581811,11297307
312650949,1,4741178,11297307
312650950,1,2637012,11297307
312650951,5,1391621,11297307
312650952,3,1176849,11297307
312650953,1,4751459,11297307
312650954,2,2623696,11297307
312650733,1,1063184,11297292
312650734,1,3208851,11297292
312650735,1,6827535,11297292
312650736,5,1059172,11297292
312650737,1,1271854,11297292
312650738,1,1058778,11297292
312650739,1,1058915,11297292
312650740,4,1289377,11297292
312650741,1,1289222,11297292
312650742,3,1058989,11297292
312650743,3,9432577,11297292
312650744,1,1059349,11297292
312650745,1,1060032,11297292
312650754,1,10145961,11297295
312650755,1,4508261,11297295
312650756,5,10012778,11297295
312650757,2,4714288,11297295
312650758,1,2637469,11297295
312650759,1,10145967,11297295
312650760,2,4710760,11297295
312650761,1,10477391,11297295
312650762,1,10820763,11297295
312650763,1,4713152,11297295
312650764,1,2533856,11297295
312650765,3,4463723,11297295
312650766,2,4712082,11297295
312650816,3,4714932,11297302
312650817,1,4713784,11297302
312650818,1,2600342,11297302
312650819,3,9614116,11297302
312650820,1,4714402,11297302
312650821,1,2631962,11297302
312650822,4,4759170,11297302
312650823,1,4297069,11297302
312650824,1,4662234,11297302
312650825,2,1275140,11297302
312650826,2,4746308,11297302
312650827,2,1369892,11297302
312650972,4,9422583,11297305
312650973,1,9886953,11297305
312650974,2,6536125,11297305
312650975,2,9837591,11297305
312650976,3,4714872,11297305
312650977,2,4710797,11297305
312650978,2,2460107,11297305
312650979,4,4715846,11297305
312650980,7,9961288,11297305
312650981,1,11264537,11297305
312650982,1,4714570,11297305
312650983,1,2628639,11297305
312650984,1,4713059,11297305
312650985,1,2508072,11297305
312650986,1,4714383,11297305
312650987,1,2538890,11297305
312650988,2,4711967,11297305
312650989,1,2631198,11297305
312650990,2,4713037,11297305
312650991,1,2508188,11297305
312650992,1,772405,11297305
312650993,2,4313907,11297305
312650994,3,4761336,11297305
312650995,1,4714029,11297305
312650996,1,2514305,11297305
312650997,2,9880160,11297305
312650998,1,4711467,11297305
312650883,2,1360803,11297297
312650884,1,9964754,11297297
312650885,2,4710745,11297297
312650886,1,6534660,11297297
312650887,2,4714799,11297297
312650891,4,9422583,11297306
312650892,1,9886953,11297306
312650893,2,9553136,11297306
312650894,4,105912,11297306
312650895,1,4711467,11297306
312650896,3,9426498,11297306
312650897,1,4712492,11297306
312650898,1,2639479,11297306
312650899,2,794295,11297306
312650900,2,4715846,11297306
312650901,1,9494850,11297306
312650902,3,9433120,11297306
312650903,3,9430189,11297306
312650904,3,9485187,11297306
312650905,2,1360803,11297306
312650906,2,4714722,11297306
312650919,3,9781691,11297303
312650920,1,4748973,11297303
312650921,1,2633474,11297303
312650922,2,1234420,11297303
312650923,4,4713408,11297303
312650924,2,4711260,11297303
312650925,2,4714776,11297303
312650926,2,1232128,11297303
312650927,1,10823896,11297303
312650928,2,4710725,11297303
312650929,2,2612207,11297303
312650930,1,4758787,11297303
312650931,1,2344196,11297303
312650932,4,9835082,11297303
312650933,4,3132921,11297303
312650934,4,10012778,11297303
312650935,2,4714288,11297303
312650936,1,2637469,11297303
312650937,3,4312147,11297303
312650938,2,4713988,11297303
312650939,1,2514858,11297303
312650940,2,6533679,11297303
312650941,1,4714458,11297303
312650942,1,2266225,11297303
312651019,1,2631143,11297300
312651020,3,4712885,11297300
312651021,1,2629208,11297300
312651022,1,4766095,11297300
312651023,4,9609436,11297300
312651024,4,1403469,11297300
312651025,1,4433342,11297300
312651026,1,6912795,11297300
312651027,1,1225842,11297300
312651028,5,4714315,11297300
312651029,1,2600048,11297300
312651030,5,4494080,11297300
312651031,2,4714023,11297300
312651032,1,2636560,11297300
312651069,4,9429592,11297301
312651070,3,9961288,11297301
312651071,3,9822767,11297301
312651072,2,4714722,11297301
187390684,1,1534785,4342547
187390685,1,1384755,4342547
187390686,1,107423,4342547
187392437,1,1622023,4342552
187392438,1,2099728,4342552
187392439,2,2452881,4342552
187392440,3,1767058,4342552
187392441,2,2428078,4342552
187392442,3,1872663,4342552
187392443,3,2187417,4342552
187392444,2,2448538,4342552
187392445,4,1588890,4342552
187392446,1,2280478,4342552
187392447,2,111779,4342552
187392448,1,2449957,4342552
187392449,1,1354311,4342552
187392450,4,1426733,4342552
187392451,5,108974,4342552
187392452,3,2334003,4342552
187392453,1,786484,4342552
187392454,5,111798,4342552
187392455,2,2102839,4342552
187392456,1,1767737,4342552
187392457,6,110138,4342552
187392458,2,1989956,4342552
187392459,2,2280007,4342552
187392460,2,2280145,4342552
187392461,2,2450083,4342552
187392462,3,2101973,4342552
187392463,1,2382040,4342552
187392464,1,2103770,4342552
187392465,1,1507558,4342552
187392466,1,2363033,4342552
187392467,3,2449770,4342552
187392468,1,1990126,4342552
187392469,7,2541167,4342552
187392470,1,1383024,4342552
187392471,2,107252,4342552
187392472,4,1441272,4342552
187392473,1,2539801,4342552
187392474,1,2274174,4342552
187392540,1,1384203,4342554
187392541,1,1534785,4342554
187392542,1,1384755,4342554
187392543,1,107423,4342554
187392578,1,1534785,4342556
187392579,2,1384755,4342556
187392580,1,1633997,4342556
187392581,1,107423,4342556
