step,tier,tier_label,resolved,person_unique,pct_unique
1,1,structured_author_id,10234,10234,100.0
2,2,exact_author_str_unique_judge,370748,370748,100.0
2,3,suffix_author_str_unique_gender,1818,1818,100.0
2,4,exact_author_str_multiple_judges_same_gender,24651,0,0.0
2,5,any_court_author_str_unique_judge,8369,8369,100.0
2,6,any_court_author_str_unique_gender,2659,0,0.0
3,5,xml_exact_full_name_same_court_unique_judge,1600,1600,100.0
3,7,xml_initials_last_name_same_court_unique_judge,1152,1152,100.0
3,8,xml_exact_full_name_any_court_unique_gender,975,960,98.5
3,9,xml_initials_last_name_any_court_unique_gender,44,44,100.0
3,11,xml_last_name_same_court_active_period_unique_gender,7728,7728,100.0
3,12,xml_last_name_same_court_unique_gender,15,15,100.0
4,5,html_exact_full_name_same_court_unique_judge,6592,6592,100.0
4,7,html_initials_last_name_same_court_unique_gender,1189,1189,100.0
4,8,html_exact_full_name_any_court_unique_gender,749,749,100.0
4,9,html_initials_last_name_any_court_unique_gender,20,20,100.0
4,11,html_last_name_same_court_active_period_unique_gender,95419,94810,99.4
4,12,html_last_name_same_court_unique_gender,431,424,98.4
4,13,html_compound_last_same_court_unique_gender,1025,1024,99.9
4,14,html_suffix_stripped_same_court_unique_gender,1364,1364,100.0
4,15,html_suffix_stripped_same_court_unique_gender,9,9,100.0
4,16,html_last_name_any_court_active_period_unique_gender,18347,15894,86.6
4,17,html_last_name_any_court_unique_gender,159,34,21.4
