year,n_total,n_court_website,n_harvard,n_recap,n_other_archives
1950,28054,158,25954,0,13556
1951,27835,243,25655,0,13403
1952,27859,188,25653,0,13314
1953,28842,122,26683,0,13245
1954,29899,30,28026,0,13329
1955,31477,40,29160,0,14376
1956,31194,43,29087,0,14065
1957,32563,347,30029,0,14040
1958,34181,237,31894,0,14083
1959,35522,293,33171,0,14446
1960,37283,281,34867,0,14763
1961,38976,329,36228,0,15338
1962,40709,367,37640,0,16121
1963,37217,272,34221,0,16665
1964,36807,269,33976,0,16029
1965,38390,325,35383,0,17210
1966,40363,358,37397,0,17731
1967,42022,333,38958,0,19113
1968,43830,248,40674,0,20391
1969,45726,304,42394,0,21050
1970,49793,283,45983,0,22889
1971,53742,315,48921,0,25316
1972,56222,589,51439,0,26413
1973,59528,526,50977,0,29518
1974,61864,532,52054,0,30739
1975,66029,597,55741,0,32588
1976,65032,451,53025,0,34682
1977,67084,618,53888,0,35806
1978,69486,516,55751,0,37218
1979,71351,560,57096,0,38881
1980,77979,653,62065,0,43488
1981,80595,564,63753,0,44998
1982,83817,641,66137,0,46654
1983,85582,455,66808,0,48755
1984,86744,597,67469,0,49560
1985,87708,484,68111,0,50796
1986,90558,642,69614,0,52301
1987,93697,695,72766,0,51450
1988,93789,687,73924,0,50027
1989,94956,612,74678,0,50315
1990,100045,764,76865,0,52664
1991,105511,873,78240,0,57388
1992,113301,2561,81129,0,61530
1993,114953,4174,78293,0,64768
1994,115584,4592,78448,0,63676
1995,116447,7352,78276,0,61768
1996,121116,16106,77777,0,60634
1997,116516,17819,77391,0,53452
1998,114539,19985,76596,0,51376
1999,112864,19890,76336,0,49393
2000,110473,21766,73136,0,47001
2001,121497,23097,87032,0,47880
2002,131873,26763,87124,0,54735
2003,136458,30101,90547,0,53924
2004,133904,32220,87988,1,52732
2005,139491,37740,90067,16,55940
2006,137002,42315,87024,6,55153
2007,139548,41534,81860,2,65604
2008,157813,43806,80711,3,83184
2009,170040,49646,95337,10,80594
2010,161556,57946,93542,25,69524
2011,153594,59805,93774,21,50095
2012,137531,65887,88344,5,13945
2013,149334,85846,89821,16,23
2014,166501,113199,86098,15,62
2015,195856,148586,84772,10,276
2016,170048,109736,98428,24,384
2017,186236,100308,120977,1036,333
2018,179962,106340,80581,6733,259
2019,209118,112527,51410,51441,335
2020,220189,106602,3009,110123,530
2021,212477,104200,0,108102,175
2022,209259,102141,0,106984,134
2023,201636,93910,0,107503,223
2024,216971,112652,0,104145,174
2025,220077,108231,0,111692,154
2026,39139,23957,0,15132,50
