court_category,year,n
Federal District/Bankruptcy/Special,1950,4339
State Supreme/Appellate,1950,17748
State Trial/Other,1950,2216
U.S. Supreme Court/Federal Appeals,1950,3751
Federal District/Bankruptcy/Special,1951,4356
State Supreme/Appellate,1951,17654
State Trial/Other,1951,2317
U.S. Supreme Court/Federal Appeals,1951,3508
Federal District/Bankruptcy/Special,1952,4004
State Supreme/Appellate,1952,17995
State Trial/Other,1952,2010
U.S. Supreme Court/Federal Appeals,1952,3850
Federal District/Bankruptcy/Special,1953,4072
State Supreme/Appellate,1953,18991
State Trial/Other,1953,1957
U.S. Supreme Court/Federal Appeals,1953,3822
Federal District/Bankruptcy/Special,1954,4369
State Supreme/Appellate,1954,19248
State Trial/Other,1954,2218
U.S. Supreme Court/Federal Appeals,1954,4064
Federal District/Bankruptcy/Special,1955,4423
State Supreme/Appellate,1955,19740
State Trial/Other,1955,2321
U.S. Supreme Court/Federal Appeals,1955,4993
Federal District/Bankruptcy/Special,1956,4374
State Supreme/Appellate,1956,19298
State Trial/Other,1956,2266
U.S. Supreme Court/Federal Appeals,1956,5256
Federal District/Bankruptcy/Special,1957,4682
State Supreme/Appellate,1957,19264
State Trial/Other,1957,3380
U.S. Supreme Court/Federal Appeals,1957,5237
Federal District/Bankruptcy/Special,1958,4878
State Supreme/Appellate,1958,20273
State Trial/Other,1958,3322
U.S. Supreme Court/Federal Appeals,1958,5708
Federal District/Bankruptcy/Special,1959,4405
State Supreme/Appellate,1959,22445
State Trial/Other,1959,3253
U.S. Supreme Court/Federal Appeals,1959,5419
Federal District/Bankruptcy/Special,1960,4951
State Supreme/Appellate,1960,23841
State Trial/Other,1960,2894
U.S. Supreme Court/Federal Appeals,1960,5597
Federal District/Bankruptcy/Special,1961,5001
State Supreme/Appellate,1961,25029
State Trial/Other,1961,3271
U.S. Supreme Court/Federal Appeals,1961,5675
Federal District/Bankruptcy/Special,1962,4917
State Supreme/Appellate,1962,25888
State Trial/Other,1962,3649
U.S. Supreme Court/Federal Appeals,1962,6255
Federal District/Bankruptcy/Special,1963,4858
State Supreme/Appellate,1963,22455
State Trial/Other,1963,3173
U.S. Supreme Court/Federal Appeals,1963,6731
Federal District/Bankruptcy/Special,1964,4794
State Supreme/Appellate,1964,22824
State Trial/Other,1964,2622
U.S. Supreme Court/Federal Appeals,1964,6567
Federal District/Bankruptcy/Special,1965,4760
State Supreme/Appellate,1965,24203
State Trial/Other,1965,2810
U.S. Supreme Court/Federal Appeals,1965,6617
Federal District/Bankruptcy/Special,1966,4613
State Supreme/Appellate,1966,25650
State Trial/Other,1966,2576
U.S. Supreme Court/Federal Appeals,1966,7524
Federal District/Bankruptcy/Special,1967,5107
State Supreme/Appellate,1967,26764
State Trial/Other,1967,2477
U.S. Supreme Court/Federal Appeals,1967,7674
Federal District/Bankruptcy/Special,1968,5383
State Supreme/Appellate,1968,27923
State Trial/Other,1968,2517
U.S. Supreme Court/Federal Appeals,1968,8007
Federal District/Bankruptcy/Special,1969,5066
State Supreme/Appellate,1969,28903
State Trial/Other,1969,2722
U.S. Supreme Court/Federal Appeals,1969,9035
Federal District/Bankruptcy/Special,1970,5035
State Supreme/Appellate,1970,31415
State Trial/Other,1970,2797
U.S. Supreme Court/Federal Appeals,1970,10546
Federal District/Bankruptcy/Special,1971,5395
State Supreme/Appellate,1971,33457
State Trial/Other,1971,3261
U.S. Supreme Court/Federal Appeals,1971,11629
Federal District/Bankruptcy/Special,1972,5354
State Supreme/Appellate,1972,35297
State Trial/Other,1972,3632
U.S. Supreme Court/Federal Appeals,1972,11939
Federal District/Bankruptcy/Special,1973,5372
State Supreme/Appellate,1973,37517
State Trial/Other,1973,3460
U.S. Supreme Court/Federal Appeals,1973,13179
Federal District/Bankruptcy/Special,1974,5354
State Supreme/Appellate,1974,39054
State Trial/Other,1974,4147
U.S. Supreme Court/Federal Appeals,1974,13309
Federal District/Bankruptcy/Special,1975,6261
State Supreme/Appellate,1975,42753
State Trial/Other,1975,4413
U.S. Supreme Court/Federal Appeals,1975,12602
Federal District/Bankruptcy/Special,1976,5505
State Supreme/Appellate,1976,41428
State Trial/Other,1976,3473
U.S. Supreme Court/Federal Appeals,1976,14626
Federal District/Bankruptcy/Special,1977,5474
State Supreme/Appellate,1977,42086
State Trial/Other,1977,3771
U.S. Supreme Court/Federal Appeals,1977,15753
Federal District/Bankruptcy/Special,1978,5586
State Supreme/Appellate,1978,43805
State Trial/Other,1978,4112
U.S. Supreme Court/Federal Appeals,1978,15983
Federal District/Bankruptcy/Special,1979,5874
State Supreme/Appellate,1979,45028
State Trial/Other,1979,4034
U.S. Supreme Court/Federal Appeals,1979,16415
Federal District/Bankruptcy/Special,1980,7836
State Supreme/Appellate,1980,47184
State Trial/Other,1980,4108
U.S. Supreme Court/Federal Appeals,1980,18851
Federal District/Bankruptcy/Special,1981,9317
State Supreme/Appellate,1981,47280
State Trial/Other,1981,3883
U.S. Supreme Court/Federal Appeals,1981,20115
Federal District/Bankruptcy/Special,1982,9724
State Supreme/Appellate,1982,49319
State Trial/Other,1982,3886
U.S. Supreme Court/Federal Appeals,1982,20888
Federal District/Bankruptcy/Special,1983,9588
State Supreme/Appellate,1983,49910
State Trial/Other,1983,3805
U.S. Supreme Court/Federal Appeals,1983,22279
Federal District/Bankruptcy/Special,1984,9519
State Supreme/Appellate,1984,50556
State Trial/Other,1984,3573
U.S. Supreme Court/Federal Appeals,1984,23096
Federal District/Bankruptcy/Special,1985,10014
State Supreme/Appellate,1985,50681
State Trial/Other,1985,3376
U.S. Supreme Court/Federal Appeals,1985,23637
Federal District/Bankruptcy/Special,1986,10131
State Supreme/Appellate,1986,51820
State Trial/Other,1986,3425
U.S. Supreme Court/Federal Appeals,1986,25182
Federal District/Bankruptcy/Special,1987,10469
State Supreme/Appellate,1987,50746
State Trial/Other,1987,3968
U.S. Supreme Court/Federal Appeals,1987,28514
Federal District/Bankruptcy/Special,1988,10488
State Supreme/Appellate,1988,50565
State Trial/Other,1988,3857
U.S. Supreme Court/Federal Appeals,1988,28879
Federal District/Bankruptcy/Special,1989,10348
State Supreme/Appellate,1989,50693
State Trial/Other,1989,3979
U.S. Supreme Court/Federal Appeals,1989,29936
Federal District/Bankruptcy/Special,1990,10009
State Supreme/Appellate,1990,53937
State Trial/Other,1990,4055
U.S. Supreme Court/Federal Appeals,1990,32044
Federal District/Bankruptcy/Special,1991,10174
State Supreme/Appellate,1991,56102
State Trial/Other,1991,3914
U.S. Supreme Court/Federal Appeals,1991,35321
Federal District/Bankruptcy/Special,1992,10882
State Supreme/Appellate,1992,58753
State Trial/Other,1992,4010
U.S. Supreme Court/Federal Appeals,1992,39656
Federal District/Bankruptcy/Special,1993,10965
State Supreme/Appellate,1993,58200
State Trial/Other,1993,3900
U.S. Supreme Court/Federal Appeals,1993,41888
Federal District/Bankruptcy/Special,1994,10798
State Supreme/Appellate,1994,59047
State Trial/Other,1994,3524
U.S. Supreme Court/Federal Appeals,1994,42215
Federal District/Bankruptcy/Special,1995,11795
State Supreme/Appellate,1995,59482
State Trial/Other,1995,4508
U.S. Supreme Court/Federal Appeals,1995,40662
Federal District/Bankruptcy/Special,1996,11623
State Supreme/Appellate,1996,61292
State Trial/Other,1996,4228
U.S. Supreme Court/Federal Appeals,1996,43973
Federal District/Bankruptcy/Special,1997,11205
State Supreme/Appellate,1997,62401
State Trial/Other,1997,4279
U.S. Supreme Court/Federal Appeals,1997,38631
Federal District/Bankruptcy/Special,1998,10752
State Supreme/Appellate,1998,65011
State Trial/Other,1998,4361
U.S. Supreme Court/Federal Appeals,1998,34415
Federal District/Bankruptcy/Special,1999,10672
State Supreme/Appellate,1999,67351
State Trial/Other,1999,4404
U.S. Supreme Court/Federal Appeals,1999,30437
Federal District/Bankruptcy/Special,2000,9850
State Supreme/Appellate,2000,68408
State Trial/Other,2000,4689
U.S. Supreme Court/Federal Appeals,2000,27526
Federal District/Bankruptcy/Special,2001,10954
State Supreme/Appellate,2001,69640
State Trial/Other,2001,4212
U.S. Supreme Court/Federal Appeals,2001,36691
Federal District/Bankruptcy/Special,2002,10925
State Supreme/Appellate,2002,71865
State Trial/Other,2002,4256
U.S. Supreme Court/Federal Appeals,2002,44827
Federal District/Bankruptcy/Special,2003,10882
State Supreme/Appellate,2003,71851
State Trial/Other,2003,4231
U.S. Supreme Court/Federal Appeals,2003,49494
Federal District/Bankruptcy/Special,2004,10220
State Supreme/Appellate,2004,75062
State Trial/Other,2004,4425
U.S. Supreme Court/Federal Appeals,2004,44197
Federal District/Bankruptcy/Special,2005,11108
State Supreme/Appellate,2005,80127
State Trial/Other,2005,4042
U.S. Supreme Court/Federal Appeals,2005,44214
Federal District/Bankruptcy/Special,2006,11154
State Supreme/Appellate,2006,85052
State Trial/Other,2006,3629
U.S. Supreme Court/Federal Appeals,2006,37167
Federal District/Bankruptcy/Special,2007,11543
State Supreme/Appellate,2007,91335
State Trial/Other,2007,3697
U.S. Supreme Court/Federal Appeals,2007,32973
Federal District/Bankruptcy/Special,2008,11916
State Supreme/Appellate,2008,109787
State Trial/Other,2008,3595
U.S. Supreme Court/Federal Appeals,2008,32515
Federal District/Bankruptcy/Special,2009,14541
State Supreme/Appellate,2009,106608
State Trial/Other,2009,3692
U.S. Supreme Court/Federal Appeals,2009,45199
Federal District/Bankruptcy/Special,2010,13429
State Supreme/Appellate,2010,99704
State Trial/Other,2010,4220
U.S. Supreme Court/Federal Appeals,2010,44203
Federal District/Bankruptcy/Special,2011,13327
State Supreme/Appellate,2011,90030
State Trial/Other,2011,4638
U.S. Supreme Court/Federal Appeals,2011,45599
Federal District/Bankruptcy/Special,2012,11858
State Supreme/Appellate,2012,85585
State Trial/Other,2012,2869
U.S. Supreme Court/Federal Appeals,2012,37219
Federal District/Bankruptcy/Special,2013,11891
State Supreme/Appellate,2013,99296
State Trial/Other,2013,2661
U.S. Supreme Court/Federal Appeals,2013,35486
Federal District/Bankruptcy/Special,2014,14886
State Supreme/Appellate,2014,113863
State Trial/Other,2014,3467
U.S. Supreme Court/Federal Appeals,2014,34285
Federal District/Bankruptcy/Special,2015,14670
State Supreme/Appellate,2015,146957
State Trial/Other,2015,3080
U.S. Supreme Court/Federal Appeals,2015,31149
Federal District/Bankruptcy/Special,2016,14274
State Supreme/Appellate,2016,121349
State Trial/Other,2016,3319
U.S. Supreme Court/Federal Appeals,2016,31106
Federal District/Bankruptcy/Special,2017,12878
State Supreme/Appellate,2017,138788
State Trial/Other,2017,4120
U.S. Supreme Court/Federal Appeals,2017,30450
Federal District/Bankruptcy/Special,2018,18220
State Supreme/Appellate,2018,132452
State Trial/Other,2018,3346
U.S. Supreme Court/Federal Appeals,2018,25944
Federal District/Bankruptcy/Special,2019,60250
State Supreme/Appellate,2019,118769
State Trial/Other,2019,2138
U.S. Supreme Court/Federal Appeals,2019,27961
Federal District/Bankruptcy/Special,2020,115896
State Supreme/Appellate,2020,79654
State Trial/Other,2020,1387
U.S. Supreme Court/Federal Appeals,2020,23252
